a0,a1,a2,a3,a4,label,action_name
336,594,156,616,36,0,휴식 (Relax)
328,594,156,616,31,0,휴식 (Relax)
344,616,140,594,33,0,휴식 (Relax)
328,594,156,605,31,0,휴식 (Relax)
336,583,151,605,33,0,휴식 (Relax)
328,605,140,605,39,0,휴식 (Relax)
328,616,145,594,33,0,휴식 (Relax)
328,594,145,583,26,0,휴식 (Relax)
328,572,151,605,42,0,휴식 (Relax)
312,605,145,605,36,0,휴식 (Relax)
336,627,140,605,36,0,휴식 (Relax)
320,605,151,594,26,0,휴식 (Relax)
336,583,156,627,36,0,휴식 (Relax)
336,616,151,627,36,0,휴식 (Relax)
336,616,140,594,33,0,휴식 (Relax)
328,583,156,594,28,0,휴식 (Relax)
336,583,151,616,33,0,휴식 (Relax)
328,605,151,616,36,0,휴식 (Relax)
328,627,135,594,33,0,휴식 (Relax)
328,594,140,583,36,0,휴식 (Relax)
320,594,151,605,36,0,휴식 (Relax)
320,594,151,594,33,0,휴식 (Relax)
336,616,145,616,36,0,휴식 (Relax)
320,594,151,605,26,0,휴식 (Relax)
352,605,156,616,33,0,휴식 (Relax)
336,594,151,616,36,0,휴식 (Relax)
328,627,140,605,33,0,휴식 (Relax)
336,605,162,616,26,0,휴식 (Relax)
344,594,156,616,36,0,휴식 (Relax)
328,594,156,627,39,0,휴식 (Relax)
336,638,135,605,31,0,휴식 (Relax)
336,594,162,594,31,0,휴식 (Relax)
328,594,151,616,33,0,휴식 (Relax)
328,605,151,605,33,0,휴식 (Relax)
328,616,140,594,31,0,휴식 (Relax)
328,594,151,594,33,0,휴식 (Relax)
320,594,156,616,28,0,휴식 (Relax)
336,616,145,616,36,0,휴식 (Relax)
328,616,135,594,36,0,휴식 (Relax)
320,594,151,594,26,0,휴식 (Relax)
336,572,162,616,36,0,휴식 (Relax)
336,605,145,605,36,0,휴식 (Relax)
328,638,140,616,33,0,휴식 (Relax)
336,594,151,594,31,0,휴식 (Relax)
336,583,151,605,36,0,휴식 (Relax)
320,583,151,605,33,0,휴식 (Relax)
336,616,135,605,36,0,휴식 (Relax)
328,605,145,594,31,0,휴식 (Relax)
320,572,145,594,39,0,휴식 (Relax)
312,605,145,616,36,0,휴식 (Relax)
328,638,130,594,28,0,휴식 (Relax)
328,594,145,583,31,0,휴식 (Relax)
328,572,162,605,36,0,휴식 (Relax)
320,594,151,605,36,0,휴식 (Relax)
336,627,135,594,33,0,휴식 (Relax)
320,594,151,594,28,0,휴식 (Relax)
336,583,156,616,33,0,휴식 (Relax)
344,616,145,627,39,0,휴식 (Relax)
328,627,135,594,36,0,휴식 (Relax)
328,605,156,616,28,0,휴식 (Relax)
344,594,151,605,31,0,휴식 (Relax)
336,605,151,616,36,0,휴식 (Relax)
312,605,140,605,28,0,휴식 (Relax)
336,594,140,572,39,0,휴식 (Relax)
312,583,156,605,36,0,휴식 (Relax)
320,616,156,638,33,0,휴식 (Relax)
352,638,130,594,31,0,휴식 (Relax)
336,594,156,605,33,0,휴식 (Relax)
328,583,156,616,31,0,휴식 (Relax)
336,605,151,627,33,0,휴식 (Relax)
336,627,135,594,33,0,휴식 (Relax)
328,594,145,616,33,0,휴식 (Relax)
328,605,156,627,36,0,휴식 (Relax)
336,616,140,605,33,0,휴식 (Relax)
328,605,156,627,31,0,휴식 (Relax)
344,594,145,583,26,0,휴식 (Relax)
352,594,162,616,36,0,휴식 (Relax)
320,594,145,594,36,0,휴식 (Relax)
320,605,151,616,36,0,휴식 (Relax)
336,605,145,594,26,0,휴식 (Relax)
344,572,156,605,36,0,휴식 (Relax)
328,594,145,605,36,0,휴식 (Relax)
328,605,135,594,33,0,휴식 (Relax)
336,594,156,605,31,0,휴식 (Relax)
336,594,140,583,39,0,휴식 (Relax)
320,605,135,583,45,0,휴식 (Relax)
296,605,140,594,31,0,휴식 (Relax)
336,594,151,583,26,0,휴식 (Relax)
336,583,162,616,36,0,휴식 (Relax)
320,616,145,616,33,0,휴식 (Relax)
336,605,145,605,31,0,휴식 (Relax)
344,594,151,605,31,0,휴식 (Relax)
328,594,140,572,36,0,휴식 (Relax)
304,594,151,616,36,0,휴식 (Relax)
320,594,140,583,28,0,휴식 (Relax)
344,605,135,561,42,0,휴식 (Relax)
288,572,156,616,36,0,휴식 (Relax)
328,616,145,616,31,0,휴식 (Relax)
352,627,145,616,36,0,휴식 (Relax)
320,605,145,605,31,0,휴식 (Relax)
336,594,151,605,36,0,휴식 (Relax)
320,616,140,594,36,0,휴식 (Relax)
312,605,140,605,33,0,휴식 (Relax)
336,594,151,605,31,0,휴식 (Relax)
344,605,151,616,33,0,휴식 (Relax)
336,594,151,605,36,0,휴식 (Relax)
328,594,145,594,36,0,휴식 (Relax)
320,605,145,605,28,0,휴식 (Relax)
344,605,151,605,33,0,휴식 (Relax)
336,594,151,616,39,0,휴식 (Relax)
328,605,151,594,33,0,휴식 (Relax)
336,616,151,616,33,0,휴식 (Relax)
336,594,151,605,33,0,휴식 (Relax)
328,605,140,605,36,0,휴식 (Relax)
320,616,145,605,33,0,휴식 (Relax)
320,605,140,594,36,0,휴식 (Relax)
328,605,151,616,36,0,휴식 (Relax)
328,605,145,616,36,0,휴식 (Relax)
336,616,145,594,33,0,휴식 (Relax)
328,594,145,616,33,0,휴식 (Relax)
336,594,145,594,33,0,휴식 (Relax)
328,605,151,627,39,0,휴식 (Relax)
320,616,140,583,28,0,휴식 (Relax)
336,594,156,616,33,0,휴식 (Relax)
328,605,156,638,28,0,휴식 (Relax)
352,616,140,605,39,0,휴식 (Relax)
328,594,151,594,31,0,휴식 (Relax)
328,583,168,649,31,0,휴식 (Relax)
352,616,135,594,28,0,휴식 (Relax)
336,594,156,616,39,0,휴식 (Relax)
328,594,151,605,31,0,휴식 (Relax)
336,594,145,605,36,0,휴식 (Relax)
312,605,140,583,28,0,휴식 (Relax)
328,583,151,605,36,0,휴식 (Relax)
320,583,156,605,31,0,휴식 (Relax)
344,605,151,594,33,0,휴식 (Relax)
336,605,145,594,36,0,휴식 (Relax)
320,605,140,594,33,0,휴식 (Relax)
328,594,140,583,36,0,휴식 (Relax)
312,583,145,605,33,0,휴식 (Relax)
328,583,140,561,36,0,휴식 (Relax)
304,583,151,616,33,0,휴식 (Relax)
328,605,151,616,31,0,휴식 (Relax)
344,605,151,605,33,0,휴식 (Relax)
328,616,135,594,33,0,휴식 (Relax)
328,605,145,605,39,0,휴식 (Relax)
312,605,140,583,36,0,휴식 (Relax)
328,605,151,605,33,0,휴식 (Relax)
328,594,145,583,31,0,휴식 (Relax)
328,605,145,605,39,0,휴식 (Relax)
312,583,151,594,28,0,휴식 (Relax)
336,605,140,594,39,0,휴식 (Relax)
320,605,140,594,39,0,휴식 (Relax)
304,605,140,616,33,0,휴식 (Relax)
336,616,145,605,31,0,휴식 (Relax)
328,594,151,605,36,0,휴식 (Relax)
328,605,145,583,31,0,휴식 (Relax)
328,594,145,605,36,0,휴식 (Relax)
320,594,151,594,33,0,휴식 (Relax)
328,605,151,616,36,0,휴식 (Relax)
336,627,145,605,31,0,휴식 (Relax)
344,594,151,594,36,0,휴식 (Relax)
312,594,140,605,33,0,휴식 (Relax)
328,605,151,616,31,0,휴식 (Relax)
344,605,145,583,28,0,휴식 (Relax)
320,561,156,605,36,0,휴식 (Relax)
320,594,151,583,33,0,휴식 (Relax)
320,605,140,605,33,0,휴식 (Relax)
336,616,145,594,31,0,휴식 (Relax)
320,605,145,605,36,0,휴식 (Relax)
320,583,151,605,28,0,휴식 (Relax)
336,583,151,594,31,0,휴식 (Relax)
328,583,151,594,33,0,휴식 (Relax)
320,594,151,627,33,0,휴식 (Relax)
344,605,151,594,31,0,휴식 (Relax)
336,605,151,605,33,0,휴식 (Relax)
328,583,156,594,28,0,휴식 (Relax)
336,583,156,616,39,0,휴식 (Relax)
328,605,145,594,28,0,휴식 (Relax)
336,605,145,605,36,0,휴식 (Relax)
328,594,151,594,33,0,휴식 (Relax)
320,583,151,616,31,0,휴식 (Relax)
344,594,151,605,31,0,휴식 (Relax)
336,594,151,605,33,0,휴식 (Relax)
320,605,140,605,31,0,휴식 (Relax)
336,605,156,616,33,0,휴식 (Relax)
328,616,145,605,36,0,휴식 (Relax)
328,594,145,605,33,0,휴식 (Relax)
336,594,151,594,28,0,휴식 (Relax)
328,605,151,616,36,0,휴식 (Relax)
328,605,151,605,31,0,휴식 (Relax)
336,616,145,605,36,0,휴식 (Relax)
320,605,145,605,33,0,휴식 (Relax)
320,583,151,616,33,0,휴식 (Relax)
336,616,145,616,31,0,휴식 (Relax)
344,594,151,605,39,0,휴식 (Relax)
320,616,140,594,33,0,휴식 (Relax)
328,605,145,605,36,0,휴식 (Relax)
320,605,145,605,33,0,휴식 (Relax)
328,605,140,583,33,0,휴식 (Relax)
312,594,145,583,33,0,휴식 (Relax)
312,583,151,616,33,0,휴식 (Relax)
336,616,140,605,36,0,휴식 (Relax)
328,616,145,605,33,0,휴식 (Relax)
328,583,151,594,26,0,휴식 (Relax)
336,572,162,616,36,0,휴식 (Relax)
328,594,156,605,33,0,휴식 (Relax)
336,627,140,594,31,0,휴식 (Relax)
336,594,156,594,31,0,휴식 (Relax)
320,583,151,594,36,0,휴식 (Relax)
320,605,145,616,36,0,휴식 (Relax)
336,627,151,605,31,0,휴식 (Relax)
336,605,140,594,31,0,휴식 (Relax)
336,594,162,627,33,0,휴식 (Relax)
328,594,151,605,33,0,휴식 (Relax)
336,616,140,594,33,0,휴식 (Relax)
328,594,145,583,28,0,휴식 (Relax)
328,572,162,616,33,0,휴식 (Relax)
336,605,145,605,31,0,휴식 (Relax)
344,605,145,594,33,0,휴식 (Relax)
320,583,151,583,31,0,휴식 (Relax)
328,594,156,616,36,0,휴식 (Relax)
328,616,140,605,28,0,휴식 (Relax)
336,616,151,616,31,0,휴식 (Relax)
336,583,156,605,28,0,휴식 (Relax)
336,605,145,616,36,0,휴식 (Relax)
328,616,140,616,36,0,휴식 (Relax)
336,616,145,594,33,0,휴식 (Relax)
312,583,145,594,31,0,휴식 (Relax)
328,583,156,616,33,0,휴식 (Relax)
344,605,151,616,33,0,휴식 (Relax)
336,616,140,605,31,0,휴식 (Relax)
328,594,162,627,31,0,휴식 (Relax)
344,605,151,605,31,0,휴식 (Relax)
336,594,156,627,33,0,휴식 (Relax)
336,594,145,605,31,0,휴식 (Relax)
344,605,151,594,31,0,휴식 (Relax)
328,583,162,605,31,0,휴식 (Relax)
328,605,151,638,36,0,휴식 (Relax)
352,627,135,583,33,0,휴식 (Relax)
320,594,156,616,31,0,휴식 (Relax)
352,616,168,696,45,1,주먹 쥐기 (Fist)
344,638,140,627,31,1,주먹 쥐기 (Fist)
361,627,145,627,36,1,주먹 쥐기 (Fist)
352,616,135,572,45,1,주먹 쥐기 (Fist)
266,540,162,605,31,1,주먹 쥐기 (Fist)
352,672,101,561,45,1,주먹 쥐기 (Fist)
281,540,192,649,26,1,주먹 쥐기 (Fist)
344,627,125,551,26,1,주먹 쥐기 (Fist)
352,627,120,583,64,1,주먹 쥐기 (Fist)
245,520,186,605,22,1,주먹 쥐기 (Fist)
361,530,217,605,7,1,주먹 쥐기 (Fist)
460,672,186,661,14,1,주먹 쥐기 (Fist)
396,638,115,627,76,1,주먹 쥐기 (Fist)
266,616,135,594,45,1,주먹 쥐기 (Fist)
288,551,180,605,12,1,주먹 쥐기 (Fist)
396,616,140,583,33,1,주먹 쥐기 (Fist)
328,627,156,708,54,1,주먹 쥐기 (Fist)
320,627,110,530,42,1,주먹 쥐기 (Fist)
304,661,120,672,57,1,주먹 쥐기 (Fist)
296,583,140,561,33,1,주먹 쥐기 (Fist)
312,520,238,649,8,1,주먹 쥐기 (Fist)
441,720,96,583,48,1,주먹 쥐기 (Fist)
312,605,156,638,48,1,주먹 쥐기 (Fist)
296,605,151,616,22,1,주먹 쥐기 (Fist)
378,638,140,661,51,1,주먹 쥐기 (Fist)
312,561,192,649,28,1,주먹 쥐기 (Fist)
361,638,140,616,22,1,주먹 쥐기 (Fist)
396,561,204,616,20,1,주먹 쥐기 (Fist)
369,627,151,627,33,1,주먹 쥐기 (Fist)
336,551,217,684,14,1,주먹 쥐기 (Fist)
423,649,130,594,36,1,주먹 쥐기 (Fist)
320,583,162,627,36,1,주먹 쥐기 (Fist)
336,605,84,405,57,1,주먹 쥐기 (Fist)
186,594,115,696,76,1,주먹 쥐기 (Fist)
281,572,174,627,16,1,주먹 쥐기 (Fist)
405,638,140,605,33,1,주먹 쥐기 (Fist)
352,661,145,649,24,1,주먹 쥐기 (Fist)
378,480,259,561,9,1,주먹 쥐기 (Fist)
361,672,110,605,39,1,주먹 쥐기 (Fist)
328,594,156,605,36,1,주먹 쥐기 (Fist)
266,500,174,605,22,1,주먹 쥐기 (Fist)
369,627,110,561,48,1,주먹 쥐기 (Fist)
288,605,135,605,51,1,주먹 쥐기 (Fist)
273,583,151,638,22,1,주먹 쥐기 (Fist)
414,672,140,649,39,1,주먹 쥐기 (Fist)
344,551,204,594,20,1,주먹 쥐기 (Fist)
336,594,145,583,24,1,주먹 쥐기 (Fist)
369,672,130,638,57,1,주먹 쥐기 (Fist)
281,540,168,520,11,1,주먹 쥐기 (Fist)
344,520,174,561,31,1,주먹 쥐기 (Fist)
312,661,101,594,61,1,주먹 쥐기 (Fist)
259,594,130,627,48,1,주먹 쥐기 (Fist)
320,638,120,510,22,1,주먹 쥐기 (Fist)
312,540,162,572,33,1,주먹 쥐기 (Fist)
273,520,174,638,26,1,주먹 쥐기 (Fist)
378,627,151,594,20,1,주먹 쥐기 (Fist)
378,594,140,572,39,1,주먹 쥐기 (Fist)
288,530,162,605,39,1,주먹 쥐기 (Fist)
312,638,130,638,45,1,주먹 쥐기 (Fist)
344,684,92,583,61,1,주먹 쥐기 (Fist)
266,540,186,583,24,1,주먹 쥐기 (Fist)
328,572,192,649,14,1,주먹 쥐기 (Fist)
432,684,115,594,57,1,주먹 쥐기 (Fist)
296,638,145,638,31,1,주먹 쥐기 (Fist)
328,470,211,470,6,1,주먹 쥐기 (Fist)
344,530,198,605,18,1,주먹 쥐기 (Fist)
344,540,174,561,24,1,주먹 쥐기 (Fist)
328,605,156,661,31,1,주먹 쥐기 (Fist)
369,627,110,540,57,1,주먹 쥐기 (Fist)
259,583,125,572,57,1,주먹 쥐기 (Fist)
266,594,145,638,36,1,주먹 쥐기 (Fist)
336,627,120,540,28,1,주먹 쥐기 (Fist)
320,616,105,583,64,1,주먹 쥐기 (Fist)
266,561,145,551,39,1,주먹 쥐기 (Fist)
296,649,120,649,45,1,주먹 쥐기 (Fist)
328,594,125,540,42,1,주먹 쥐기 (Fist)
288,638,110,594,51,1,주먹 쥐기 (Fist)
288,594,130,594,45,1,주먹 쥐기 (Fist)
312,638,120,594,48,1,주먹 쥐기 (Fist)
304,605,145,605,39,1,주먹 쥐기 (Fist)
320,627,115,572,39,1,주먹 쥐기 (Fist)
328,605,162,638,39,1,주먹 쥐기 (Fist)
336,605,145,583,24,1,주먹 쥐기 (Fist)
352,605,140,605,48,1,주먹 쥐기 (Fist)
304,627,140,638,48,1,주먹 쥐기 (Fist)
320,638,105,561,48,1,주먹 쥐기 (Fist)
288,616,140,627,39,1,주먹 쥐기 (Fist)
320,627,96,551,61,1,주먹 쥐기 (Fist)
266,572,156,616,39,1,주먹 쥐기 (Fist)
312,638,120,561,20,1,주먹 쥐기 (Fist)
361,540,198,616,24,1,주먹 쥐기 (Fist)
344,594,140,572,31,1,주먹 쥐기 (Fist)
320,510,252,627,9,1,주먹 쥐기 (Fist)
405,661,115,540,28,1,주먹 쥐기 (Fist)
320,605,145,684,72,1,주먹 쥐기 (Fist)
288,605,135,583,28,1,주먹 쥐기 (Fist)
344,572,174,616,26,1,주먹 쥐기 (Fist)
336,605,130,561,33,1,주먹 쥐기 (Fist)
320,605,156,616,36,1,주먹 쥐기 (Fist)
320,605,130,605,48,1,주먹 쥐기 (Fist)
320,627,145,616,31,1,주먹 쥐기 (Fist)
328,594,135,594,31,1,주먹 쥐기 (Fist)
336,605,125,561,51,1,주먹 쥐기 (Fist)
281,638,125,616,48,1,주먹 쥐기 (Fist)
296,540,168,583,22,1,주먹 쥐기 (Fist)
352,605,115,530,42,1,주먹 쥐기 (Fist)
288,583,140,583,45,1,주먹 쥐기 (Fist)
281,540,211,627,9,1,주먹 쥐기 (Fist)
414,672,61,441,68,1,주먹 쥐기 (Fist)
217,583,125,616,80,1,주먹 쥐기 (Fist)
224,561,135,583,26,1,주먹 쥐기 (Fist)
361,638,135,605,42,1,주먹 쥐기 (Fist)
296,551,224,638,6,1,주먹 쥐기 (Fist)
432,616,140,530,16,1,주먹 쥐기 (Fist)
361,605,125,583,72,1,주먹 쥐기 (Fist)
211,530,140,572,33,1,주먹 쥐기 (Fist)
312,561,162,605,31,1,주먹 쥐기 (Fist)
344,684,68,510,84,1,주먹 쥐기 (Fist)
217,540,186,594,14,1,주먹 쥐기 (Fist)
352,627,110,583,48,1,주먹 쥐기 (Fist)
304,638,140,649,48,1,주먹 쥐기 (Fist)
304,627,110,551,42,1,주먹 쥐기 (Fist)
296,530,192,583,20,1,주먹 쥐기 (Fist)
369,583,186,583,18,1,주먹 쥐기 (Fist)
344,605,168,661,22,1,주먹 쥐기 (Fist)
405,661,135,616,33,1,주먹 쥐기 (Fist)
320,520,211,627,20,1,주먹 쥐기 (Fist)
361,616,130,583,39,1,주먹 쥐기 (Fist)
312,594,135,605,61,1,주먹 쥐기 (Fist)
273,605,135,572,26,1,주먹 쥐기 (Fist)
344,627,120,572,36,1,주먹 쥐기 (Fist)
312,561,156,594,45,1,주먹 쥐기 (Fist)
288,561,180,594,18,1,주먹 쥐기 (Fist)
378,627,162,605,16,1,주먹 쥐기 (Fist)
378,627,135,627,57,1,주먹 쥐기 (Fist)
296,684,101,638,68,1,주먹 쥐기 (Fist)
273,605,145,672,39,1,주먹 쥐기 (Fist)
344,627,120,561,33,1,주먹 쥐기 (Fist)
344,649,115,594,45,1,주먹 쥐기 (Fist)
281,540,156,605,36,1,주먹 쥐기 (Fist)
312,594,145,649,42,1,주먹 쥐기 (Fist)
352,627,192,684,14,1,주먹 쥐기 (Fist)
423,594,174,561,7,1,주먹 쥐기 (Fist)
423,616,174,672,36,1,주먹 쥐기 (Fist)
320,583,135,649,51,1,주먹 쥐기 (Fist)
312,594,180,720,33,1,주먹 쥐기 (Fist)
396,627,130,551,31,1,주먹 쥐기 (Fist)
328,594,168,605,22,1,주먹 쥐기 (Fist)
361,583,162,605,22,1,주먹 쥐기 (Fist)
344,594,140,616,48,1,주먹 쥐기 (Fist)
296,561,192,672,28,1,주먹 쥐기 (Fist)
369,661,130,605,28,1,주먹 쥐기 (Fist)
378,616,162,594,31,1,주먹 쥐기 (Fist)
312,605,115,551,45,1,주먹 쥐기 (Fist)
281,540,151,540,45,1,주먹 쥐기 (Fist)
259,561,162,583,20,1,주먹 쥐기 (Fist)
344,540,186,605,16,1,주먹 쥐기 (Fist)
387,661,120,616,48,1,주먹 쥐기 (Fist)
320,583,180,627,26,1,주먹 쥐기 (Fist)
361,627,151,616,31,1,주먹 쥐기 (Fist)
336,594,151,616,51,1,주먹 쥐기 (Fist)
312,627,130,530,22,1,주먹 쥐기 (Fist)
320,616,145,672,51,1,주먹 쥐기 (Fist)
328,572,151,530,28,1,주먹 쥐기 (Fist)
312,605,156,638,36,1,주먹 쥐기 (Fist)
328,594,151,583,24,1,주먹 쥐기 (Fist)
352,583,204,684,16,1,주먹 쥐기 (Fist)
405,490,238,510,3,1,주먹 쥐기 (Fist)
387,616,174,672,33,1,주먹 쥐기 (Fist)
352,616,151,627,39,1,주먹 쥐기 (Fist)
336,616,140,627,45,1,주먹 쥐기 (Fist)
320,594,180,627,14,1,주먹 쥐기 (Fist)
378,594,125,540,36,1,주먹 쥐기 (Fist)
288,594,140,638,54,1,주먹 쥐기 (Fist)
288,616,135,583,28,1,주먹 쥐기 (Fist)
328,470,266,561,1,1,주먹 쥐기 (Fist)
414,672,101,583,51,1,주먹 쥐기 (Fist)
296,672,101,649,80,1,주먹 쥐기 (Fist)
266,561,174,605,16,1,주먹 쥐기 (Fist)
352,572,140,583,31,1,주먹 쥐기 (Fist)
352,672,110,605,68,1,주먹 쥐기 (Fist)
259,594,125,594,39,1,주먹 쥐기 (Fist)
312,605,174,696,28,1,주먹 쥐기 (Fist)
405,649,140,572,20,1,주먹 쥐기 (Fist)
352,572,156,627,42,1,주먹 쥐기 (Fist)
312,605,140,616,48,1,주먹 쥐기 (Fist)
304,572,156,572,26,1,주먹 쥐기 (Fist)
336,638,140,583,26,1,주먹 쥐기 (Fist)
336,594,162,649,39,1,주먹 쥐기 (Fist)
344,594,151,583,28,1,주먹 쥐기 (Fist)
320,638,120,605,39,1,주먹 쥐기 (Fist)
312,540,204,605,16,1,주먹 쥐기 (Fist)
361,627,125,616,45,1,주먹 쥐기 (Fist)
320,627,130,605,48,1,주먹 쥐기 (Fist)
288,605,115,561,39,1,주먹 쥐기 (Fist)
312,572,162,627,33,1,주먹 쥐기 (Fist)
352,638,140,661,42,1,주먹 쥐기 (Fist)
336,605,162,627,28,1,주먹 쥐기 (Fist)
378,661,140,605,31,1,주먹 쥐기 (Fist)
336,561,168,572,31,1,주먹 쥐기 (Fist)
304,572,162,605,36,1,주먹 쥐기 (Fist)
328,672,115,627,54,1,주먹 쥐기 (Fist)
312,627,115,561,42,1,주먹 쥐기 (Fist)
304,605,162,672,31,1,주먹 쥐기 (Fist)
352,594,135,561,39,1,주먹 쥐기 (Fist)
296,594,145,616,42,1,주먹 쥐기 (Fist)
312,649,96,540,36,1,주먹 쥐기 (Fist)
304,583,135,594,64,1,주먹 쥐기 (Fist)
259,583,140,572,28,1,주먹 쥐기 (Fist)
320,510,204,530,8,1,주먹 쥐기 (Fist)
369,583,174,616,24,1,주먹 쥐기 (Fist)
369,627,140,616,48,1,주먹 쥐기 (Fist)
320,627,130,605,39,1,주먹 쥐기 (Fist)
304,561,168,616,33,1,주먹 쥐기 (Fist)
336,572,204,627,12,1,주먹 쥐기 (Fist)
405,649,120,561,33,1,주먹 쥐기 (Fist)
328,520,231,638,20,1,주먹 쥐기 (Fist)
361,616,168,616,12,1,주먹 쥐기 (Fist)
405,583,168,594,36,1,주먹 쥐기 (Fist)
304,594,145,594,39,1,주먹 쥐기 (Fist)
312,605,120,572,39,1,주먹 쥐기 (Fist)
296,594,151,627,51,1,주먹 쥐기 (Fist)
288,638,125,605,33,1,주먹 쥐기 (Fist)
344,672,120,661,48,1,주먹 쥐기 (Fist)
336,616,145,583,26,1,주먹 쥐기 (Fist)
328,583,140,594,39,1,주먹 쥐기 (Fist)
312,605,135,594,42,1,주먹 쥐기 (Fist)
296,583,135,594,39,1,주먹 쥐기 (Fist)
320,649,120,638,48,1,주먹 쥐기 (Fist)
320,583,180,627,24,1,주먹 쥐기 (Fist)
352,605,140,561,22,1,주먹 쥐기 (Fist)
352,583,156,605,39,1,주먹 쥐기 (Fist)
304,627,110,561,45,1,주먹 쥐기 (Fist)
296,572,151,594,42,1,주먹 쥐기 (Fist)
304,594,156,616,36,1,주먹 쥐기 (Fist)
328,616,156,583,20,1,주먹 쥐기 (Fist)
361,605,151,605,31,1,주먹 쥐기 (Fist)
320,583,145,583,33,1,주먹 쥐기 (Fist)
320,551,224,684,24,1,주먹 쥐기 (Fist)
387,708,105,583,31,1,주먹 쥐기 (Fist)
336,572,198,672,28,1,주먹 쥐기 (Fist)
361,583,151,551,20,1,주먹 쥐기 (Fist)
328,583,135,551,28,2,손가락 펴기 (Open)
328,616,135,627,42,2,손가락 펴기 (Open)
328,594,156,594,33,2,손가락 펴기 (Open)
312,561,162,616,31,2,손가락 펴기 (Open)
361,661,156,672,26,2,손가락 펴기 (Open)
387,551,180,530,18,2,손가락 펴기 (Open)
328,605,145,594,28,2,손가락 펴기 (Open)
344,572,162,583,31,2,손가락 펴기 (Open)
312,551,180,616,26,2,손가락 펴기 (Open)
344,551,231,649,7,2,손가락 펴기 (Open)
441,661,130,594,36,2,손가락 펴기 (Open)
336,583,180,672,42,2,손가락 펴기 (Open)
328,638,125,583,31,2,손가락 펴기 (Open)
336,520,231,605,12,2,손가락 펴기 (Open)
378,649,115,551,31,2,손가락 펴기 (Open)
312,510,224,672,31,2,손가락 펴기 (Open)
344,638,110,561,48,2,손가락 펴기 (Open)
312,627,125,583,45,2,손가락 펴기 (Open)
296,561,145,551,31,2,손가락 펴기 (Open)
304,572,168,638,28,2,손가락 펴기 (Open)
369,638,140,627,45,2,손가락 펴기 (Open)
328,649,135,616,31,2,손가락 펴기 (Open)
336,605,135,583,39,2,손가락 펴기 (Open)
304,583,151,594,36,2,손가락 펴기 (Open)
312,605,151,649,33,2,손가락 펴기 (Open)
344,594,174,605,22,2,손가락 펴기 (Open)
361,561,204,638,18,2,손가락 펴기 (Open)
405,649,156,616,26,2,손가락 펴기 (Open)
361,627,140,638,45,2,손가락 펴기 (Open)
304,594,135,616,48,2,손가락 펴기 (Open)
312,616,135,616,42,2,손가락 펴기 (Open)
320,616,135,583,33,2,손가락 펴기 (Open)
320,572,156,583,28,2,손가락 펴기 (Open)
344,616,145,616,42,2,손가락 펴기 (Open)
312,594,151,594,26,2,손가락 펴기 (Open)
336,638,125,638,54,2,손가락 펴기 (Open)
320,583,186,627,26,2,손가락 펴기 (Open)
352,661,110,551,26,2,손가락 펴기 (Open)
320,530,224,696,24,2,손가락 펴기 (Open)
378,684,105,605,36,2,손가락 펴기 (Open)
336,638,115,572,57,2,손가락 펴기 (Open)
238,520,151,583,39,2,손가락 펴기 (Open)
304,572,186,616,16,2,손가락 펴기 (Open)
405,638,145,561,28,2,손가락 펴기 (Open)
320,627,125,627,45,2,손가락 펴기 (Open)
328,605,168,649,36,2,손가락 펴기 (Open)
352,605,145,572,28,2,손가락 펴기 (Open)
328,605,151,672,48,2,손가락 펴기 (Open)
344,627,174,672,26,2,손가락 펴기 (Open)
396,672,110,572,36,2,손가락 펴기 (Open)
320,594,168,672,48,2,손가락 펴기 (Open)
328,616,130,583,36,2,손가락 펴기 (Open)
320,627,120,616,54,2,손가락 펴기 (Open)
288,605,120,561,42,2,손가락 펴기 (Open)
281,583,135,605,36,2,손가락 펴기 (Open)
344,649,130,605,45,2,손가락 펴기 (Open)
312,627,120,616,54,2,손가락 펴기 (Open)
304,627,140,627,39,2,손가락 펴기 (Open)
328,638,140,649,39,2,손가락 펴기 (Open)
344,627,145,605,26,2,손가락 펴기 (Open)
352,616,135,583,36,2,손가락 펴기 (Open)
304,583,156,627,36,2,손가락 펴기 (Open)
336,616,145,616,36,2,손가락 펴기 (Open)
336,605,151,616,28,2,손가락 펴기 (Open)
336,572,168,616,28,2,손가락 펴기 (Open)
352,616,140,572,28,2,손가락 펴기 (Open)
328,572,162,605,31,2,손가락 펴기 (Open)
328,627,140,649,39,2,손가락 펴기 (Open)
344,594,168,616,33,2,손가락 펴기 (Open)
328,638,120,605,42,2,손가락 펴기 (Open)
328,583,186,627,26,2,손가락 펴기 (Open)
361,638,130,561,26,2,손가락 펴기 (Open)
328,561,174,583,26,2,손가락 펴기 (Open)
304,572,125,530,33,2,손가락 펴기 (Open)
281,530,174,661,42,2,손가락 펴기 (Open)
328,594,145,530,16,2,손가락 펴기 (Open)
344,572,174,616,18,2,손가락 펴기 (Open)
361,583,145,594,39,2,손가락 펴기 (Open)
328,605,151,638,48,2,손가락 펴기 (Open)
304,627,115,561,33,2,손가락 펴기 (Open)
304,530,174,540,26,2,손가락 펴기 (Open)
312,583,156,627,31,2,손가락 펴기 (Open)
352,616,145,583,24,2,손가락 펴기 (Open)
344,583,156,605,42,2,손가락 펴기 (Open)
304,561,186,616,20,2,손가락 펴기 (Open)
369,649,130,605,39,2,손가락 펴기 (Open)
312,627,130,627,42,2,손가락 펴기 (Open)
328,594,140,572,42,2,손가락 펴기 (Open)
296,572,162,594,31,2,손가락 펴기 (Open)
328,605,145,627,26,2,손가락 펴기 (Open)
387,605,174,616,31,2,손가락 펴기 (Open)
352,672,110,583,45,2,손가락 펴기 (Open)
296,520,180,572,26,2,손가락 펴기 (Open)
312,572,156,583,22,2,손가락 펴기 (Open)
352,561,174,627,28,2,손가락 펴기 (Open)
344,616,145,594,31,2,손가락 펴기 (Open)
336,627,125,594,42,2,손가락 펴기 (Open)
304,594,145,605,39,2,손가락 펴기 (Open)
320,572,162,594,33,2,손가락 펴기 (Open)
328,605,151,616,31,2,손가락 펴기 (Open)
352,649,105,551,48,2,손가락 펴기 (Open)
281,572,156,649,39,2,손가락 펴기 (Open)
336,661,96,583,54,2,손가락 펴기 (Open)
281,572,162,627,39,2,손가락 펴기 (Open)
328,616,135,551,24,2,손가락 펴기 (Open)
336,594,151,638,45,2,손가락 펴기 (Open)
336,520,224,520,8,2,손가락 펴기 (Open)
352,572,174,561,16,2,손가락 펴기 (Open)
361,594,180,649,31,2,손가락 펴기 (Open)
336,605,162,594,22,2,손가락 펴기 (Open)
344,594,135,594,45,2,손가락 펴기 (Open)
312,583,156,594,39,2,손가락 펴기 (Open)
288,572,180,649,22,2,손가락 펴기 (Open)
396,638,120,551,48,2,손가락 펴기 (Open)
304,638,135,616,42,2,손가락 펴기 (Open)
304,572,151,572,20,2,손가락 펴기 (Open)
352,583,145,616,51,2,손가락 펴기 (Open)
296,594,140,616,39,2,손가락 펴기 (Open)
328,616,151,616,26,2,손가락 펴기 (Open)
378,605,156,616,31,2,손가락 펴기 (Open)
344,572,186,616,20,2,손가락 펴기 (Open)
369,583,186,627,22,2,손가락 펴기 (Open)
369,638,145,638,39,2,손가락 펴기 (Open)
344,616,140,605,39,2,손가락 펴기 (Open)
312,572,192,684,22,2,손가락 펴기 (Open)
378,605,145,561,28,2,손가락 펴기 (Open)
320,627,151,638,36,2,손가락 펴기 (Open)
328,627,120,594,39,2,손가락 펴기 (Open)
328,594,156,661,51,2,손가락 펴기 (Open)
328,649,115,572,42,2,손가락 펴기 (Open)
304,583,162,616,26,2,손가락 펴기 (Open)
352,594,168,605,22,2,손가락 펴기 (Open)
369,616,145,594,36,2,손가락 펴기 (Open)
328,594,145,605,45,2,손가락 펴기 (Open)
288,605,125,583,33,2,손가락 펴기 (Open)
328,583,156,616,39,2,손가락 펴기 (Open)
320,638,130,594,31,2,손가락 펴기 (Open)
344,616,145,649,48,2,손가락 펴기 (Open)
328,638,140,616,33,2,손가락 펴기 (Open)
336,594,156,583,26,2,손가락 펴기 (Open)
328,540,204,616,14,2,손가락 펴기 (Open)
369,605,140,594,31,2,손가락 펴기 (Open)
344,627,140,594,42,2,손가락 펴기 (Open)
296,605,125,638,57,2,손가락 펴기 (Open)
304,561,156,561,26,2,손가락 펴기 (Open)
336,583,145,561,22,2,손가락 펴기 (Open)
328,583,135,583,42,2,손가락 펴기 (Open)
304,594,151,627,39,2,손가락 펴기 (Open)
312,605,115,510,42,2,손가락 펴기 (Open)
288,583,151,605,42,2,손가락 펴기 (Open)
304,649,115,572,33,2,손가락 펴기 (Open)
328,583,162,638,42,2,손가락 펴기 (Open)
328,638,140,605,33,2,손가락 펴기 (Open)
336,616,145,605,33,2,손가락 펴기 (Open)
320,605,125,594,48,2,손가락 펴기 (Open)
296,594,145,627,39,2,손가락 펴기 (Open)
328,638,125,594,33,2,손가락 펴기 (Open)
336,594,162,649,31,2,손가락 펴기 (Open)
352,627,145,605,33,2,손가락 펴기 (Open)
336,551,186,572,18,2,손가락 펴기 (Open)
344,627,125,638,51,2,손가락 펴기 (Open)
328,616,156,672,42,2,손가락 펴기 (Open)
352,649,125,583,36,2,손가락 펴기 (Open)
320,638,125,627,48,2,손가락 펴기 (Open)
320,616,151,661,39,2,손가락 펴기 (Open)
328,616,130,605,36,2,손가락 펴기 (Open)
352,594,180,616,22,2,손가락 펴기 (Open)
361,627,135,627,39,2,손가락 펴기 (Open)
336,605,168,661,28,2,손가락 펴기 (Open)
378,638,145,638,36,2,손가락 펴기 (Open)
328,616,125,616,54,2,손가락 펴기 (Open)
312,638,125,605,45,2,손가락 펴기 (Open)
304,627,125,605,42,2,손가락 펴기 (Open)
328,594,151,616,36,2,손가락 펴기 (Open)
328,583,168,638,24,2,손가락 펴기 (Open)
361,605,145,605,31,2,손가락 펴기 (Open)
352,605,168,616,31,2,손가락 펴기 (Open)
336,638,130,616,36,2,손가락 펴기 (Open)
344,627,135,616,48,2,손가락 펴기 (Open)
288,594,130,594,36,2,손가락 펴기 (Open)
320,572,174,638,28,2,손가락 펴기 (Open)
361,649,130,605,39,2,손가락 펴기 (Open)
320,616,125,605,42,2,손가락 펴기 (Open)
312,583,145,616,36,2,손가락 펴기 (Open)
328,583,168,594,22,2,손가락 펴기 (Open)
361,605,151,594,33,2,손가락 펴기 (Open)
328,594,151,638,39,2,손가락 펴기 (Open)
336,605,156,616,26,2,손가락 펴기 (Open)
352,616,135,594,36,2,손가락 펴기 (Open)
328,594,156,638,45,2,손가락 펴기 (Open)
320,638,125,605,36,2,손가락 펴기 (Open)
336,594,168,605,26,2,손가락 펴기 (Open)
336,605,135,530,26,2,손가락 펴기 (Open)
312,594,151,649,48,2,손가락 펴기 (Open)
304,638,110,561,42,2,손가락 펴기 (Open)
296,594,125,572,51,2,손가락 펴기 (Open)
273,561,162,616,26,2,손가락 펴기 (Open)
352,594,156,605,26,2,손가락 펴기 (Open)
344,616,145,605,31,2,손가락 펴기 (Open)
344,638,120,594,48,2,손가락 펴기 (Open)
304,572,156,616,36,2,손가락 펴기 (Open)
328,616,135,605,39,2,손가락 펴기 (Open)
312,638,120,616,48,2,손가락 펴기 (Open)
312,649,110,594,51,2,손가락 펴기 (Open)
288,561,192,638,16,2,손가락 펴기 (Open)
396,583,180,583,18,2,손가락 펴기 (Open)
369,638,156,638,33,2,손가락 펴기 (Open)
336,638,120,594,39,2,손가락 펴기 (Open)
296,561,151,605,36,2,손가락 펴기 (Open)
320,627,125,594,48,2,손가락 펴기 (Open)
304,583,162,616,31,2,손가락 펴기 (Open)
320,551,145,510,24,2,손가락 펴기 (Open)
320,616,135,594,39,2,손가락 펴기 (Open)
320,572,186,638,28,2,손가락 펴기 (Open)
352,638,135,583,28,2,손가락 펴기 (Open)
352,594,168,616,31,2,손가락 펴기 (Open)
312,605,110,561,51,2,손가락 펴기 (Open)
288,594,135,583,51,2,손가락 펴기 (Open)
288,627,115,540,42,2,손가락 펴기 (Open)
288,551,162,551,24,2,손가락 펴기 (Open)
312,572,156,583,22,2,손가락 펴기 (Open)
336,594,151,616,33,2,손가락 펴기 (Open)
336,572,162,605,36,2,손가락 펴기 (Open)
320,638,130,561,28,2,손가락 펴기 (Open)
328,616,130,583,48,2,손가락 펴기 (Open)
288,583,156,616,36,2,손가락 펴기 (Open)
320,616,130,616,36,2,손가락 펴기 (Open)
336,583,162,583,28,2,손가락 펴기 (Open)
336,605,151,616,26,2,손가락 펴기 (Open)
361,594,162,627,31,2,손가락 펴기 (Open)
344,605,140,594,36,2,손가락 펴기 (Open)
312,583,162,616,28,2,손가락 펴기 (Open)
344,572,168,594,24,2,손가락 펴기 (Open)
344,572,174,594,26,2,손가락 펴기 (Open)
336,616,145,627,31,2,손가락 펴기 (Open)
344,605,145,594,33,2,손가락 펴기 (Open)
320,572,168,572,20,2,손가락 펴기 (Open)
344,594,145,638,45,2,손가락 펴기 (Open)
328,605,145,616,39,2,손가락 펴기 (Open)
328,605,145,616,28,2,손가락 펴기 (Open)
352,583,156,605,28,2,손가락 펴기 (Open)
352,638,140,649,48,2,손가락 펴기 (Open)
369,616,145,583,33,3,엄지 굽히기 (Thumb Flex)
304,551,174,627,28,3,엄지 굽히기 (Thumb Flex)
344,583,162,583,24,3,엄지 굽히기 (Thumb Flex)
361,649,130,594,42,3,엄지 굽히기 (Thumb Flex)
304,583,145,605,36,3,엄지 굽히기 (Thumb Flex)
312,605,140,638,45,3,엄지 굽히기 (Thumb Flex)
328,627,125,605,45,3,엄지 굽히기 (Thumb Flex)
312,627,120,561,45,3,엄지 굽히기 (Thumb Flex)
296,616,115,551,48,3,엄지 굽히기 (Thumb Flex)
281,605,120,594,54,3,엄지 굽히기 (Thumb Flex)
281,530,224,649,9,3,엄지 굽히기 (Thumb Flex)
414,649,110,561,33,3,엄지 굽히기 (Thumb Flex)
328,638,145,684,54,3,엄지 굽히기 (Thumb Flex)
296,616,110,510,33,3,엄지 굽히기 (Thumb Flex)
288,561,174,649,33,3,엄지 굽히기 (Thumb Flex)
328,561,156,551,28,3,엄지 굽히기 (Thumb Flex)
328,605,135,540,39,3,엄지 굽히기 (Thumb Flex)
288,561,174,572,22,3,엄지 굽히기 (Thumb Flex)
328,594,145,561,26,3,엄지 굽히기 (Thumb Flex)
328,616,140,638,51,3,엄지 굽히기 (Thumb Flex)
296,605,145,649,36,3,엄지 굽히기 (Thumb Flex)
344,616,140,583,26,3,엄지 굽히기 (Thumb Flex)
352,594,168,627,36,3,엄지 굽히기 (Thumb Flex)
328,605,135,572,31,3,엄지 굽히기 (Thumb Flex)
336,561,162,551,36,3,엄지 굽히기 (Thumb Flex)
281,520,186,540,9,3,엄지 굽히기 (Thumb Flex)
352,583,145,540,22,3,엄지 굽히기 (Thumb Flex)
328,572,162,638,42,3,엄지 굽히기 (Thumb Flex)
312,594,145,616,36,3,엄지 굽히기 (Thumb Flex)
344,627,130,583,39,3,엄지 굽히기 (Thumb Flex)
296,594,145,605,33,3,엄지 굽히기 (Thumb Flex)
336,616,140,627,42,3,엄지 굽히기 (Thumb Flex)
336,649,115,572,51,3,엄지 굽히기 (Thumb Flex)
266,594,140,583,26,3,엄지 굽히기 (Thumb Flex)
336,594,162,649,39,3,엄지 굽히기 (Thumb Flex)
344,627,115,540,48,3,엄지 굽히기 (Thumb Flex)
281,638,120,616,45,3,엄지 굽히기 (Thumb Flex)
304,572,140,583,33,3,엄지 굽히기 (Thumb Flex)
328,616,151,638,36,3,엄지 굽히기 (Thumb Flex)
336,616,135,572,31,3,엄지 굽히기 (Thumb Flex)
320,616,120,605,54,3,엄지 굽히기 (Thumb Flex)
288,561,180,627,22,3,엄지 굽히기 (Thumb Flex)
369,638,145,616,28,3,엄지 굽히기 (Thumb Flex)
361,616,145,616,45,3,엄지 굽히기 (Thumb Flex)
312,594,174,649,22,3,엄지 굽히기 (Thumb Flex)
378,605,174,661,22,3,엄지 굽히기 (Thumb Flex)
405,649,135,638,57,3,엄지 굽히기 (Thumb Flex)
296,616,140,627,39,3,엄지 굽히기 (Thumb Flex)
328,627,120,540,33,3,엄지 굽히기 (Thumb Flex)
304,561,168,605,31,3,엄지 굽히기 (Thumb Flex)
328,594,151,627,39,3,엄지 굽히기 (Thumb Flex)
336,605,180,661,24,3,엄지 굽히기 (Thumb Flex)
387,684,105,583,39,3,엄지 굽히기 (Thumb Flex)
328,594,162,616,33,3,엄지 굽히기 (Thumb Flex)
304,572,135,583,42,3,엄지 굽히기 (Thumb Flex)
296,594,151,627,39,3,엄지 굽히기 (Thumb Flex)
344,649,120,551,36,3,엄지 굽히기 (Thumb Flex)
304,583,162,616,28,3,엄지 굽히기 (Thumb Flex)
336,594,145,627,39,3,엄지 굽히기 (Thumb Flex)
328,616,162,684,33,3,엄지 굽히기 (Thumb Flex)
369,605,162,583,16,3,엄지 굽히기 (Thumb Flex)
369,594,156,583,33,3,엄지 굽히기 (Thumb Flex)
304,561,162,583,26,3,엄지 굽히기 (Thumb Flex)
320,605,96,500,64,3,엄지 굽히기 (Thumb Flex)
238,572,162,638,36,3,엄지 굽히기 (Thumb Flex)
328,605,140,583,28,3,엄지 굽히기 (Thumb Flex)
352,605,156,605,31,3,엄지 굽히기 (Thumb Flex)
328,627,135,605,39,3,엄지 굽히기 (Thumb Flex)
312,583,168,616,26,3,엄지 굽히기 (Thumb Flex)
369,638,140,616,39,3,엄지 굽히기 (Thumb Flex)
328,616,130,572,33,3,엄지 굽히기 (Thumb Flex)
304,561,156,616,33,3,엄지 굽히기 (Thumb Flex)
320,572,145,561,31,3,엄지 굽히기 (Thumb Flex)
328,583,162,594,26,3,엄지 굽히기 (Thumb Flex)
328,561,174,594,22,3,엄지 굽히기 (Thumb Flex)
361,605,151,605,36,3,엄지 굽히기 (Thumb Flex)
328,649,105,572,51,3,엄지 굽히기 (Thumb Flex)
273,572,180,684,28,3,엄지 굽히기 (Thumb Flex)
361,594,174,594,18,3,엄지 굽히기 (Thumb Flex)
378,616,130,561,39,3,엄지 굽히기 (Thumb Flex)
296,583,145,594,36,3,엄지 굽히기 (Thumb Flex)
304,594,151,627,39,3,엄지 굽히기 (Thumb Flex)
336,638,120,583,42,3,엄지 굽히기 (Thumb Flex)
304,616,125,616,45,3,엄지 굽히기 (Thumb Flex)
312,594,162,627,28,3,엄지 굽히기 (Thumb Flex)
361,605,151,616,28,3,엄지 굽히기 (Thumb Flex)
344,605,151,616,36,3,엄지 굽히기 (Thumb Flex)
328,605,162,638,31,3,엄지 굽히기 (Thumb Flex)
369,627,140,583,33,3,엄지 굽히기 (Thumb Flex)
320,605,115,561,54,3,엄지 굽히기 (Thumb Flex)
273,561,174,616,28,3,엄지 굽히기 (Thumb Flex)
336,583,145,561,26,3,엄지 굽히기 (Thumb Flex)
344,583,180,627,28,3,엄지 굽히기 (Thumb Flex)
352,638,105,530,45,3,엄지 굽히기 (Thumb Flex)
288,583,162,638,36,3,엄지 굽히기 (Thumb Flex)
320,594,140,561,36,3,엄지 굽히기 (Thumb Flex)
320,616,145,572,33,3,엄지 굽히기 (Thumb Flex)
312,638,135,638,39,3,엄지 굽히기 (Thumb Flex)
344,594,156,605,36,3,엄지 굽히기 (Thumb Flex)
328,627,156,672,42,3,엄지 굽히기 (Thumb Flex)
344,638,135,594,28,3,엄지 굽히기 (Thumb Flex)
361,649,140,649,45,3,엄지 굽히기 (Thumb Flex)
320,605,125,583,39,3,엄지 굽히기 (Thumb Flex)
312,561,156,616,36,3,엄지 굽히기 (Thumb Flex)
328,661,76,480,64,3,엄지 굽히기 (Thumb Flex)
224,561,145,594,48,3,엄지 굽히기 (Thumb Flex)
273,561,151,561,18,3,엄지 굽히기 (Thumb Flex)
369,594,156,605,39,3,엄지 굽히기 (Thumb Flex)
304,605,162,661,26,3,엄지 굽히기 (Thumb Flex)
378,627,140,594,31,3,엄지 굽히기 (Thumb Flex)
344,594,162,605,26,3,엄지 굽히기 (Thumb Flex)
328,594,135,572,36,3,엄지 굽히기 (Thumb Flex)
320,594,168,649,39,3,엄지 굽히기 (Thumb Flex)
344,649,130,594,28,3,엄지 굽히기 (Thumb Flex)
336,540,192,649,26,3,엄지 굽히기 (Thumb Flex)
361,627,156,661,31,3,엄지 굽히기 (Thumb Flex)
361,627,145,616,31,3,엄지 굽히기 (Thumb Flex)
352,583,174,605,24,3,엄지 굽히기 (Thumb Flex)
344,605,140,594,28,3,엄지 굽히기 (Thumb Flex)
344,583,140,572,57,3,엄지 굽히기 (Thumb Flex)
273,616,145,616,28,3,엄지 굽히기 (Thumb Flex)
344,594,145,616,33,3,엄지 굽히기 (Thumb Flex)
352,605,168,638,24,3,엄지 굽히기 (Thumb Flex)
361,616,162,649,33,3,엄지 굽히기 (Thumb Flex)
361,638,145,616,36,3,엄지 굽히기 (Thumb Flex)
336,649,125,638,42,3,엄지 굽히기 (Thumb Flex)
320,583,156,616,33,3,엄지 굽히기 (Thumb Flex)
336,616,135,616,45,3,엄지 굽히기 (Thumb Flex)
312,627,130,605,48,3,엄지 굽히기 (Thumb Flex)
320,616,130,605,39,3,엄지 굽히기 (Thumb Flex)
320,594,135,551,36,3,엄지 굽히기 (Thumb Flex)
296,583,140,605,39,3,엄지 굽히기 (Thumb Flex)
336,583,168,594,26,3,엄지 굽히기 (Thumb Flex)
336,616,140,605,31,3,엄지 굽히기 (Thumb Flex)
344,594,174,605,20,3,엄지 굽히기 (Thumb Flex)
361,583,162,616,28,3,엄지 굽히기 (Thumb Flex)
336,627,130,627,54,3,엄지 굽히기 (Thumb Flex)
304,616,145,638,33,3,엄지 굽히기 (Thumb Flex)
328,594,130,551,28,3,엄지 굽히기 (Thumb Flex)
320,605,145,616,42,3,엄지 굽히기 (Thumb Flex)
312,572,145,561,36,3,엄지 굽히기 (Thumb Flex)
320,638,115,561,48,3,엄지 굽히기 (Thumb Flex)
288,605,140,583,36,3,엄지 굽히기 (Thumb Flex)
296,561,135,551,39,3,엄지 굽히기 (Thumb Flex)
296,616,115,594,51,3,엄지 굽히기 (Thumb Flex)
288,561,168,561,22,3,엄지 굽히기 (Thumb Flex)
336,561,168,540,18,3,엄지 굽히기 (Thumb Flex)
344,627,130,616,45,3,엄지 굽히기 (Thumb Flex)
304,616,140,627,48,3,엄지 굽히기 (Thumb Flex)
312,627,135,594,28,3,엄지 굽히기 (Thumb Flex)
344,572,174,638,31,3,엄지 굽히기 (Thumb Flex)
344,627,140,583,26,3,엄지 굽히기 (Thumb Flex)
344,638,105,583,72,3,엄지 굽히기 (Thumb Flex)
252,605,130,583,42,3,엄지 굽히기 (Thumb Flex)
296,561,145,561,26,3,엄지 굽히기 (Thumb Flex)
328,561,198,672,22,3,엄지 굽히기 (Thumb Flex)
387,627,145,572,24,3,엄지 굽히기 (Thumb Flex)
352,638,151,638,33,3,엄지 굽히기 (Thumb Flex)
328,572,174,605,22,3,엄지 굽히기 (Thumb Flex)
352,572,168,638,39,3,엄지 굽히기 (Thumb Flex)
336,649,125,605,42,3,엄지 굽히기 (Thumb Flex)
320,627,135,627,36,3,엄지 굽히기 (Thumb Flex)
328,605,135,605,39,3,엄지 굽히기 (Thumb Flex)
312,594,145,605,36,3,엄지 굽히기 (Thumb Flex)
320,605,130,594,45,3,엄지 굽히기 (Thumb Flex)
304,605,130,551,36,3,엄지 굽히기 (Thumb Flex)
312,605,135,583,36,3,엄지 굽히기 (Thumb Flex)
304,594,145,638,45,3,엄지 굽히기 (Thumb Flex)
344,638,120,583,54,3,엄지 굽히기 (Thumb Flex)
288,627,135,627,39,3,엄지 굽히기 (Thumb Flex)
336,594,174,616,20,3,엄지 굽히기 (Thumb Flex)
369,627,135,594,39,3,엄지 굽히기 (Thumb Flex)
304,572,156,572,31,3,엄지 굽히기 (Thumb Flex)
304,561,156,583,28,3,엄지 굽히기 (Thumb Flex)
336,616,135,616,39,3,엄지 굽히기 (Thumb Flex)
328,616,140,583,33,3,엄지 굽히기 (Thumb Flex)
320,594,145,605,42,3,엄지 굽히기 (Thumb Flex)
312,583,162,594,26,3,엄지 굽히기 (Thumb Flex)
336,540,192,530,9,3,엄지 굽히기 (Thumb Flex)
361,605,140,605,36,3,엄지 굽히기 (Thumb Flex)
336,594,145,616,51,3,엄지 굽히기 (Thumb Flex)
288,572,156,594,26,3,엄지 굽히기 (Thumb Flex)
361,616,156,627,31,3,엄지 굽히기 (Thumb Flex)
361,627,140,594,36,3,엄지 굽히기 (Thumb Flex)
320,594,156,616,33,3,엄지 굽히기 (Thumb Flex)
336,605,151,627,33,3,엄지 굽히기 (Thumb Flex)
336,605,120,520,31,3,엄지 굽히기 (Thumb Flex)
281,540,174,661,36,3,엄지 굽히기 (Thumb Flex)
336,616,125,540,31,3,엄지 굽히기 (Thumb Flex)
320,605,130,594,48,3,엄지 굽히기 (Thumb Flex)
281,551,151,530,24,3,엄지 굽히기 (Thumb Flex)
320,616,125,616,48,3,엄지 굽히기 (Thumb Flex)
304,616,151,661,31,3,엄지 굽히기 (Thumb Flex)
361,616,151,616,28,3,엄지 굽히기 (Thumb Flex)
361,616,156,627,33,3,엄지 굽히기 (Thumb Flex)
336,594,140,594,33,3,엄지 굽히기 (Thumb Flex)
328,572,211,708,24,3,엄지 굽히기 (Thumb Flex)
396,684,110,594,42,3,엄지 굽히기 (Thumb Flex)
328,638,135,638,51,3,엄지 굽히기 (Thumb Flex)
296,605,120,551,48,3,엄지 굽히기 (Thumb Flex)
273,583,125,561,45,3,엄지 굽히기 (Thumb Flex)
281,561,162,594,24,3,엄지 굽히기 (Thumb Flex)
336,583,145,551,26,3,엄지 굽히기 (Thumb Flex)
344,605,162,616,33,3,엄지 굽히기 (Thumb Flex)
320,616,130,572,36,3,엄지 굽히기 (Thumb Flex)
320,616,151,672,48,3,엄지 굽히기 (Thumb Flex)
328,616,135,572,33,3,엄지 굽히기 (Thumb Flex)
320,594,151,627,31,3,엄지 굽히기 (Thumb Flex)
344,627,125,605,45,3,엄지 굽히기 (Thumb Flex)
312,572,174,627,28,3,엄지 굽히기 (Thumb Flex)
344,594,156,572,20,3,엄지 굽히기 (Thumb Flex)
361,605,151,616,39,3,엄지 굽히기 (Thumb Flex)
320,605,145,638,39,3,엄지 굽히기 (Thumb Flex)
328,605,145,605,33,3,엄지 굽히기 (Thumb Flex)
328,627,135,638,42,3,엄지 굽히기 (Thumb Flex)
328,638,125,572,45,3,엄지 굽히기 (Thumb Flex)
296,594,145,605,33,3,엄지 굽히기 (Thumb Flex)
320,583,151,594,26,3,엄지 굽히기 (Thumb Flex)
344,572,204,672,20,3,엄지 굽히기 (Thumb Flex)
387,661,120,561,31,3,엄지 굽히기 (Thumb Flex)
328,551,211,649,24,3,엄지 굽히기 (Thumb Flex)
344,594,151,583,22,3,엄지 굽히기 (Thumb Flex)
352,583,168,638,36,3,엄지 굽히기 (Thumb Flex)
320,605,145,583,24,3,엄지 굽히기 (Thumb Flex)
344,583,135,583,39,3,엄지 굽히기 (Thumb Flex)
296,583,174,672,33,3,엄지 굽히기 (Thumb Flex)
352,627,125,605,33,3,엄지 굽히기 (Thumb Flex)
361,583,180,627,26,3,엄지 굽히기 (Thumb Flex)
328,616,120,572,39,3,엄지 굽히기 (Thumb Flex)
304,572,174,649,28,3,엄지 굽히기 (Thumb Flex)
361,638,130,594,33,3,엄지 굽히기 (Thumb Flex)
336,627,135,594,42,3,엄지 굽히기 (Thumb Flex)
320,605,125,605,61,3,엄지 굽히기 (Thumb Flex)
266,583,151,616,39,3,엄지 굽히기 (Thumb Flex)
344,649,140,616,24,3,엄지 굽히기 (Thumb Flex)
369,627,115,520,48,3,엄지 굽히기 (Thumb Flex)
266,561,162,616,31,3,엄지 굽히기 (Thumb Flex)
320,572,151,605,36,3,엄지 굽히기 (Thumb Flex)
328,638,130,594,36,3,엄지 굽히기 (Thumb Flex)
328,616,151,649,39,3,엄지 굽히기 (Thumb Flex)
336,649,125,649,45,3,엄지 굽히기 (Thumb Flex)
344,627,192,768,31,3,엄지 굽히기 (Thumb Flex)
328,616,140,616,33,0,휴식 (Relax)
344,616,145,583,33,0,휴식 (Relax)
320,594,151,605,33,0,휴식 (Relax)
328,594,162,627,33,0,휴식 (Relax)
336,616,145,627,33,0,휴식 (Relax)
352,627,145,605,31,0,휴식 (Relax)
328,594,151,594,31,0,휴식 (Relax)
320,583,151,627,36,0,휴식 (Relax)
328,616,140,605,39,0,휴식 (Relax)
320,616,145,605,33,0,휴식 (Relax)
328,594,145,583,31,0,휴식 (Relax)
336,583,156,605,36,0,휴식 (Relax)
312,605,140,616,39,0,휴식 (Relax)
328,638,140,605,31,0,휴식 (Relax)
328,594,145,594,31,0,휴식 (Relax)
320,572,151,605,42,0,휴식 (Relax)
304,616,135,605,33,0,휴식 (Relax)
336,616,120,530,39,0,휴식 (Relax)
288,572,162,616,33,0,휴식 (Relax)
328,594,156,605,31,0,휴식 (Relax)
344,616,140,605,33,0,휴식 (Relax)
336,605,151,605,31,0,휴식 (Relax)
328,583,145,594,28,0,휴식 (Relax)
336,583,156,616,33,0,휴식 (Relax)
336,594,162,627,33,0,휴식 (Relax)
352,627,151,616,31,0,휴식 (Relax)
344,605,140,583,31,0,휴식 (Relax)
336,572,162,616,39,0,휴식 (Relax)
328,605,145,616,39,0,휴식 (Relax)
328,627,140,616,33,0,휴식 (Relax)
344,594,156,605,28,0,휴식 (Relax)
336,594,145,583,33,0,휴식 (Relax)
312,583,156,616,36,0,휴식 (Relax)
328,627,135,583,33,0,휴식 (Relax)
328,594,156,594,33,0,휴식 (Relax)
320,583,151,594,31,0,휴식 (Relax)
344,616,162,649,39,0,휴식 (Relax)
344,638,135,583,33,0,휴식 (Relax)
328,605,135,594,33,0,휴식 (Relax)
320,583,162,627,33,0,휴식 (Relax)
336,594,145,594,36,0,휴식 (Relax)
328,616,140,594,33,0,휴식 (Relax)
320,594,151,605,31,0,휴식 (Relax)
336,583,156,605,33,0,휴식 (Relax)
328,616,145,605,36,0,휴식 (Relax)
320,605,156,605,28,0,휴식 (Relax)
336,605,145,594,31,0,휴식 (Relax)
336,594,156,616,36,0,휴식 (Relax)
328,616,145,616,36,0,휴식 (Relax)
320,627,135,605,36,0,휴식 (Relax)
328,605,151,605,31,0,휴식 (Relax)
328,605,145,594,36,0,휴식 (Relax)
320,594,156,616,33,0,휴식 (Relax)
328,605,151,616,31,0,휴식 (Relax)
344,605,151,605,31,0,휴식 (Relax)
328,594,145,605,33,0,휴식 (Relax)
328,605,145,616,42,0,휴식 (Relax)
320,627,135,583,31,0,휴식 (Relax)
320,583,151,583,28,0,휴식 (Relax)
336,572,168,627,33,0,휴식 (Relax)
344,605,151,616,36,0,휴식 (Relax)
336,605,145,594,33,0,휴식 (Relax)
344,594,162,616,31,0,휴식 (Relax)
344,605,151,605,36,0,휴식 (Relax)
328,616,140,605,36,0,휴식 (Relax)
328,616,140,605,33,0,휴식 (Relax)
336,594,156,616,28,0,휴식 (Relax)
336,572,162,616,33,0,휴식 (Relax)
336,605,140,605,39,0,휴식 (Relax)
328,616,140,594,33,0,휴식 (Relax)
328,594,151,605,28,0,휴식 (Relax)
336,583,156,605,31,0,휴식 (Relax)
336,605,145,616,42,0,휴식 (Relax)
312,616,135,594,31,0,휴식 (Relax)
336,594,151,605,33,0,휴식 (Relax)
328,594,151,605,33,0,휴식 (Relax)
328,605,145,616,36,0,휴식 (Relax)
328,616,140,594,28,0,휴식 (Relax)
328,572,168,605,28,0,휴식 (Relax)
336,583,140,583,33,0,휴식 (Relax)
328,594,151,605,36,0,휴식 (Relax)
320,605,145,594,31,0,휴식 (Relax)
336,583,151,583,31,0,휴식 (Relax)
336,583,162,605,36,0,휴식 (Relax)
328,605,145,594,33,0,휴식 (Relax)
328,605,135,583,33,0,휴식 (Relax)
320,583,156,583,28,0,휴식 (Relax)
328,583,156,605,31,0,휴식 (Relax)
344,605,151,627,39,0,휴식 (Relax)
328,627,140,605,33,0,휴식 (Relax)
336,594,151,605,31,0,휴식 (Relax)
336,594,151,605,33,0,휴식 (Relax)
336,605,156,605,36,0,휴식 (Relax)
320,605,140,594,31,0,휴식 (Relax)
336,594,145,594,31,0,휴식 (Relax)
336,594,151,605,39,0,휴식 (Relax)
320,594,156,616,33,0,휴식 (Relax)
336,616,140,616,33,0,휴식 (Relax)
336,594,156,605,28,0,휴식 (Relax)
328,605,145,594,31,0,휴식 (Relax)
336,583,151,616,36,0,휴식 (Relax)
312,605,145,605,33,0,휴식 (Relax)
336,594,168,638,26,0,휴식 (Relax)
361,616,145,605,31,0,휴식 (Relax)
336,605,156,627,31,0,휴식 (Relax)
344,616,145,605,31,0,휴식 (Relax)
328,583,168,616,33,0,휴식 (Relax)
336,616,145,594,31,0,휴식 (Relax)
328,594,140,605,45,0,휴식 (Relax)
304,605,140,594,33,0,휴식 (Relax)
336,594,162,594,26,0,휴식 (Relax)
352,605,156,616,28,0,휴식 (Relax)
336,594,151,605,33,0,휴식 (Relax)
320,572,162,605,28,0,휴식 (Relax)
344,616,145,605,31,0,휴식 (Relax)
344,605,145,594,36,0,휴식 (Relax)
320,594,151,616,39,0,휴식 (Relax)
320,616,151,616,26,0,휴식 (Relax)
352,616,145,605,36,0,휴식 (Relax)
320,605,145,605,36,0,휴식 (Relax)
320,605,145,616,39,0,휴식 (Relax)
320,616,140,605,33,0,휴식 (Relax)
336,605,151,605,33,0,휴식 (Relax)
320,605,135,594,36,0,휴식 (Relax)
320,594,151,605,33,0,휴식 (Relax)
328,605,140,583,33,0,휴식 (Relax)
328,594,151,627,36,0,휴식 (Relax)
328,605,156,605,28,0,휴식 (Relax)
344,605,145,605,33,0,휴식 (Relax)
336,594,145,605,33,0,휴식 (Relax)
328,583,156,616,31,0,휴식 (Relax)
336,605,145,605,33,0,휴식 (Relax)
328,605,156,616,31,0,휴식 (Relax)
344,583,168,605,26,0,휴식 (Relax)
352,616,140,605,33,0,휴식 (Relax)
328,594,162,627,31,0,휴식 (Relax)
336,605,145,605,33,0,휴식 (Relax)
336,605,135,616,39,0,휴식 (Relax)
312,594,145,605,36,0,휴식 (Relax)
328,616,140,583,33,0,휴식 (Relax)
328,605,145,605,39,0,휴식 (Relax)
312,594,145,605,33,0,휴식 (Relax)
336,616,140,605,36,0,휴식 (Relax)
328,616,145,583,31,0,휴식 (Relax)
320,583,156,616,36,0,휴식 (Relax)
328,594,140,594,33,0,휴식 (Relax)
328,605,140,594,36,0,휴식 (Relax)
320,594,145,605,28,0,휴식 (Relax)
328,583,151,605,36,0,휴식 (Relax)
320,616,140,594,33,0,휴식 (Relax)
320,605,156,638,33,0,휴식 (Relax)
344,616,140,594,33,0,휴식 (Relax)
344,616,151,605,39,0,휴식 (Relax)
312,605,145,616,33,0,휴식 (Relax)
336,605,156,605,33,0,휴식 (Relax)
336,616,130,583,36,0,휴식 (Relax)
312,594,156,638,39,0,휴식 (Relax)
328,616,140,594,33,0,휴식 (Relax)
328,616,151,605,36,0,휴식 (Relax)
328,605,140,572,31,0,휴식 (Relax)
328,583,168,616,36,0,휴식 (Relax)
320,605,135,594,33,0,휴식 (Relax)
336,616,140,605,33,0,휴식 (Relax)
336,594,156,627,31,0,휴식 (Relax)
336,605,145,605,31,0,휴식 (Relax)
336,594,145,605,36,0,휴식 (Relax)
320,583,151,616,31,0,휴식 (Relax)
336,616,145,605,33,0,휴식 (Relax)
328,605,145,616,36,0,휴식 (Relax)
328,594,151,605,31,0,휴식 (Relax)
336,605,151,627,33,0,휴식 (Relax)
336,616,145,605,31,0,휴식 (Relax)
336,594,162,627,36,0,휴식 (Relax)
328,627,145,605,31,0,휴식 (Relax)
336,616,145,616,36,0,휴식 (Relax)
328,594,140,572,33,0,휴식 (Relax)
320,583,156,616,42,0,휴식 (Relax)
320,616,135,583,33,0,휴식 (Relax)
328,605,145,605,36,0,휴식 (Relax)
320,605,135,561,28,0,휴식 (Relax)
312,561,162,616,33,0,휴식 (Relax)
320,594,151,605,31,0,휴식 (Relax)
336,616,140,594,33,0,휴식 (Relax)
328,594,145,594,31,0,휴식 (Relax)
328,583,156,605,36,0,휴식 (Relax)
320,616,130,594,33,0,휴식 (Relax)
312,583,151,616,33,0,휴식 (Relax)
328,605,140,583,28,0,휴식 (Relax)
336,605,156,638,36,0,휴식 (Relax)
328,616,140,594,33,0,휴식 (Relax)
336,605,140,583,36,0,휴식 (Relax)
312,583,145,594,33,0,휴식 (Relax)
320,583,145,605,33,0,휴식 (Relax)
336,605,151,627,31,0,휴식 (Relax)
336,605,145,616,33,0,휴식 (Relax)
336,627,140,605,31,0,휴식 (Relax)
336,583,162,616,36,0,휴식 (Relax)
328,594,151,605,31,0,휴식 (Relax)
344,627,140,594,33,0,휴식 (Relax)
320,583,156,594,28,0,휴식 (Relax)
336,583,162,605,33,0,휴식 (Relax)
328,605,145,616,33,0,휴식 (Relax)
336,605,145,594,36,0,휴식 (Relax)
320,616,145,594,31,0,휴식 (Relax)
336,583,168,616,33,0,휴식 (Relax)
336,616,140,605,31,0,휴식 (Relax)
336,616,145,594,33,0,휴식 (Relax)
312,572,145,583,31,0,휴식 (Relax)
328,583,156,605,36,0,휴식 (Relax)
328,616,145,616,33,0,휴식 (Relax)
328,605,135,583,31,0,휴식 (Relax)
320,583,156,616,33,0,휴식 (Relax)
328,583,151,605,33,0,휴식 (Relax)
328,605,145,616,39,0,휴식 (Relax)
336,616,145,605,31,0,휴식 (Relax)
336,605,140,583,33,0,휴식 (Relax)
320,594,151,616,39,0,휴식 (Relax)
328,605,140,605,36,0,휴식 (Relax)
336,616,145,605,39,0,휴식 (Relax)
312,594,135,583,31,0,휴식 (Relax)
328,594,151,616,39,0,휴식 (Relax)
320,605,145,627,36,0,휴식 (Relax)
336,616,151,605,28,0,휴식 (Relax)
344,605,145,594,28,0,휴식 (Relax)
336,583,162,616,33,0,휴식 (Relax)
328,594,156,627,39,0,휴식 (Relax)
344,616,140,594,33,0,휴식 (Relax)
328,605,135,583,33,0,휴식 (Relax)
312,594,145,605,33,0,휴식 (Relax)
320,583,151,616,33,0,휴식 (Relax)
336,605,145,605,31,0,휴식 (Relax)
336,594,151,594,31,0,휴식 (Relax)
328,583,156,616,36,0,휴식 (Relax)
328,605,145,605,36,0,휴식 (Relax)
328,616,125,572,36,0,휴식 (Relax)
312,572,156,583,28,0,휴식 (Relax)
312,572,162,627,36,0,휴식 (Relax)
328,616,145,616,33,0,휴식 (Relax)
344,627,135,583,33,0,휴식 (Relax)
320,594,151,605,31,0,휴식 (Relax)
336,583,162,627,33,0,휴식 (Relax)
